-- phpMyAdmin SQL Dump
-- version 5.0.4
-- https://www.phpmyadmin.net/
--
-- Host: 127.0.0.1
-- Waktu pembuatan: 04 Feb 2021 pada 13.41
-- Versi server: 10.4.17-MariaDB
-- Versi PHP: 7.4.13

SET SQL_MODE = "NO_AUTO_VALUE_ON_ZERO";
START TRANSACTION;
SET time_zone = "+00:00";


/*!40101 SET @OLD_CHARACTER_SET_CLIENT=@@CHARACTER_SET_CLIENT */;
/*!40101 SET @OLD_CHARACTER_SET_RESULTS=@@CHARACTER_SET_RESULTS */;
/*!40101 SET @OLD_COLLATION_CONNECTION=@@COLLATION_CONNECTION */;
/*!40101 SET NAMES utf8mb4 */;

--
-- Database: `toko`
--

-- --------------------------------------------------------

--
-- Struktur dari tabel `ci_sessions`
--

CREATE TABLE `ci_sessions` (
  `id` varchar(128) NOT NULL,
  `ip_address` varchar(45) NOT NULL,
  `timestamp` int(10) UNSIGNED NOT NULL DEFAULT 0,
  `data` blob NOT NULL
) ENGINE=InnoDB DEFAULT CHARSET=utf8mb4;

--
-- Dumping data untuk tabel `ci_sessions`
--

INSERT INTO `ci_sessions` (`id`, `ip_address`, `timestamp`, `data`) VALUES
('n570ar48cjvu8gkn1taqrfa6kg7de869', '::1', 1612389150, 0x5f5f63695f6c6173745f726567656e65726174657c693a313631323338393134333b5f5f4143544956455f53455353494f4e5f444154417c733a3235363a2235343838316462373637653766643536616531633165323037316163363961636137643638386337343834623362636261326235383433313930636332613531316136386161653437353862333364643038303435663461653065656636643831333239306233306433666636613561386266646137643762623931323239364939647769585a51567850594b49306542384a36344a45386c39756c465458366630413348396a45796c586965467432397548356b775159546137584f564f6758712b6750424b63302f4366786d3041356d783877364b354a5874416a43686f674233782f627469427447357a4b5332645848764d325364453058432f445a79223b),
('iv4v01uiaravdhuvam5jotfd8cobh7r8', '::1', 1612390042, 0x5f5f63695f6c6173745f726567656e65726174657c693a313631323338393837373b5f5f4143544956455f53455353494f4e5f444154417c733a3235363a2264363731633735333962393963306333333163343138613635613362383964623833363734616139636139373366633933353439653862653665646137343365626638383134346266336165626563373265646661653237303837636530633034373438373139303030323166643932616135643564633533393333383265362b43616d5979373363426b38794342714e5545694d44414b2b7a59622b7247364c6f58635145722f653232626c374b325467396666487375616b42735a474c6f4b61596f67735664727370312b6930684c6d4f763746464a6d635073445145317259364a7874665333386c6b39746d4530715976674c33515669374f31426e44223b),
('8apb4kld3llnipqlml81s526qvnhbl5t', '::1', 1612390156, 0x5f5f63695f6c6173745f726567656e65726174657c693a313631323339303134383b5f5f4143544956455f53455353494f4e5f444154417c733a3235363a226634336330343664366538356366306530643932626634306233323635656438353664326462383839326565653564343334366463306366666631396639646432643835623164343635363935303532303836616434343738616138376162303836373334326139323039623437346235663466356464333432653563313961697831665853476353724f7a374749347468354c5941647370725844787549697155317557676e2f752f2f77532f5335562b783176705853563162545a5a722b4930645874676c4c444542734261584c465546455a7348574638384472754f4d58764b71345067395439644d4d732f466d347662524f664b686a4930664c3966223b),
('lbd5qbo9vhnm1p2ddsner348dn6rl20h', '::1', 1612393369, 0x5f5f63695f6c6173745f726567656e65726174657c693a313631323339333336313b5f5f4143544956455f53455353494f4e5f444154417c733a3235363a223865313734346165333531356566623730623135333333363862323438306331613833613638663266386461376137653061346530396537653465633830366437363862363632313933313230313137336166396636393136313465356361663739373339363931663266383565313933313462373533386130306536386438504f735367696966694f496445567936544763737170306f733139374a524632745134496b563634387653595230793270723339374b3433344b632f4451444d49726e7a38585a32492f785739666951674775474d79324875384d514f593665426738456435376d476c32784c493742734d4f635a6269595062476a35542b6e223b),
('mr69vekfd1l24j37rs02m39svrlic2f9', '::1', 1612395400, 0x5f5f63695f6c6173745f726567656e65726174657c693a313631323339353338393b5f5f4143544956455f53455353494f4e5f444154417c733a3235363a2235373634306339633262346562353932653535616439393536393230323334303436366637326665343461373434373862653231666634353637386333353862613937306465356165646338376261623261636362316362353565343830646261636139653735306363666665306133343063303165323039643036303930395646506c6b36415235646f6369754e6b6c2b2b33535044335559692f676833325269716169684379544971564f5a754e6d78536a4e473466542f6f413573674a3455746a585748763572362b6a656c4d4f51326f6c36713255413839646a55714174794e495866494b476d7668344b796478536d75526350497774794a525345223b),
('83erunmqphcn8te3t7s3evftitvclkr6', '::1', 1612396001, 0x5f5f63695f6c6173745f726567656e65726174657c693a313631323339353933303b7265646972656374696f6e7c4e3b5f5f4143544956455f53455353494f4e5f444154417c733a3235363a22363530383534333264373335636133616634336332633063363362383339313932393235366133323537376337323432633232363163343264663634326161316431313832363034323461353562336664643031636635383265643561333537346561363033626434326337643139393664666361616438383166623138626469312b4244326e35355575713970327a5373506967594a666639354a7256374d4c4b32342f7733456c3167664a316f4a6a51474a3852623779746f55335a556c72766732672f5451716763314831304c437633317a5644626466576f5a39497254493730796a65773141704762323970546b37447a4746534c687239544c6e57223b),
('4rjfkm5aifa37cevosldqkkj3q10blsl', '::1', 1612396158, 0x5f5f63695f6c6173745f726567656e65726174657c693a313631323339363133343b7265646972656374696f6e7c4e3b5f5f4143544956455f53455353494f4e5f444154417c733a3235363a2230616331663337303536366166626237353439633164623733353836333132633731393732626162393161353464373864653564633666323962323132613134323062663161313161353631376661383965373539653833373632313938616232613439623433353362623238636437663931646436663430323137663265664f2b6e755a764e4e4c6657696d6d39526d6e306a57486b68514675785479695a6a3872705161533457436d4a4a506d6767565a6d48754b7255533366384e316b666f62385649506c594d585a51354a6f486c4e6d504d734d6147714a712f4e663444514c5734424b587150686b517a484f72454b58342b585363596f6f694e5a223b),
('m1mei9bmkqtadduqmo8024qsip3knec8', '::1', 1612396896, 0x5f5f63695f6c6173745f726567656e65726174657c693a313631323339363839323b5f5f4143544956455f53455353494f4e5f444154417c733a3235363a2239396239643565623331303533636438613735333064626362373837666136353365316339656562613535373532323466353861346333313064323132393735333865633534353835616634363361343037636233343163623839363539383539623533316539356431643137346563373331613764326666383439633737313854423361635179623765313178747641746136734572375134594a37434d47576475337377517a4a3450386b426858533579366546567832397859712b50564e2f7a32636f6b4b55726d2b6d2f4d57715474424e376a4d6d6b4952432b387264374e46395a6c4d624267415a45755a36503954792b5a514d78535a78582f4f223b),
('dqo5ndvt09ib554cafqrosct3if91c0o', '::1', 1612397429, 0x5f5f63695f6c6173745f726567656e65726174657c693a313631323339373432393b5f5f4143544956455f53455353494f4e5f444154417c733a3235363a22386234343530303935616364366662646238323062386439613134653939623736346637326536303665396262393837636461653530646531343663626339383335306166613964666263393633316537383030333561373631333839323634356266333332383861653632613432333962663535363537666437323138343832422b664765506d4b2b582b3530766e6555426e2f722b74556c37466d49384c356454566c72452f59316e4d744a466851444e524c61354d5045636b6d70393970766b53563253485446714a6231575144523734396a3739504e4a71716269564a454a4370544438575a59767755357462696376646d5279355065584c687961223b),
('dh7h7nblo6ga4hdks0003aooj1n3r7pj', '::1', 1612397804, 0x5f5f63695f6c6173745f726567656e65726174657c693a313631323339373830343b5f5f4143544956455f53455353494f4e5f444154417c733a3235363a22386234343530303935616364366662646238323062386439613134653939623736346637326536303665396262393837636461653530646531343663626339383335306166613964666263393633316537383030333561373631333839323634356266333332383861653632613432333962663535363537666437323138343832422b664765506d4b2b582b3530766e6555426e2f722b74556c37466d49384c356454566c72452f59316e4d744a466851444e524c61354d5045636b6d70393970766b53563253485446714a6231575144523734396a3739504e4a71716269564a454a4370544438575a59767755357462696376646d5279355065584c687961223b7061796d656e745f666c6173687c733a37393a224b6f6e6669726d61736920626572686173696c2064696c616b756b616e2e2041646d696e20616b616e206d656d7665726966696b6173696e79612064616c616d2077616b74752031783234206a616d223b5f5f63695f766172737c613a313a7b733a31333a227061796d656e745f666c617368223b733a333a226f6c64223b7d),
('oib69k5m7pfr77fagn6hkcaroke6se7j', '::1', 1612397805, 0x5f5f63695f6c6173745f726567656e65726174657c693a313631323339373830343b5f5f4143544956455f53455353494f4e5f444154417c733a3235363a22386234343530303935616364366662646238323062386439613134653939623736346637326536303665396262393837636461653530646531343663626339383335306166613964666263393633316537383030333561373631333839323634356266333332383861653632613432333962663535363537666437323138343832422b664765506d4b2b582b3530766e6555426e2f722b74556c37466d49384c356454566c72452f59316e4d744a466851444e524c61354d5045636b6d70393970766b53563253485446714a6231575144523734396a3739504e4a71716269564a454a4370544438575a59767755357462696376646d5279355065584c687961223b),
('c8plltlduanl2cn19su99c56nes467di', '::1', 1612399828, 0x5f5f63695f6c6173745f726567656e65726174657c693a313631323339393831323b5f5f4143544956455f53455353494f4e5f444154417c733a3235363a22383131346631613339306232343266356633366432623266353332346437366639363233346338616632613066636465353165393236653039666438613561303166653137323266616133323536343161373963636665393235346238633664333061616235346532646136383736363461323562613937313435623962643649685762646d73697333366b614d7550634839377a55447354374974734f5353304d75696d65766f7737434e2b565951627a694768582b697a684e596e4166516433526e46484764423335654c41676b795670634d384b425744566a7268514666333138362f43443355716e6f65396b754b6f5a495142546a56325142706f33223b),
('v605lrjisojin4u9pasthq7pa06rk8b5', '::1', 1612402590, 0x5f5f63695f6c6173745f726567656e65726174657c693a313631323430323532363b636172745f636f6e74656e74737c613a333a7b733a31303a22636172745f746f74616c223b643a33313030303b733a31313a22746f74616c5f6974656d73223b643a313b733a33323a226338316537323864396434633266363336663036376638396363313438363263223b613a363a7b733a323a226964223b733a313a2232223b733a333a22717479223b643a313b733a353a227072696365223b643a33313030303b733a343a226e616d65223b733a373a2242726f6b6f6c69223b733a353a22726f776964223b733a33323a226338316537323864396434633266363336663036376638396363313438363263223b733a383a22737562746f74616c223b643a33313030303b7d7d5f5f4143544956455f53455353494f4e5f444154417c733a3235363a223439313163356538623037353033656361303331353139623339333962666239626138383334636634316239363334666336656562333965373039393338326437356135636166646430303533653262663466363534633165623039386232336133353739303431656331396662646535343963333633346633643932343031414a5063493730464668616c6c4842735370376752657146613233535051626c496d77596c2f674f2f6551715656716935625a50674a6c7373704a6a4936626b616a6968346d4671415a2b553262734f566e4e6c7634733432734c322b4f754133537736643233356f4452527147616e326c446a7242502f564f646244433352223b6f726465725f7175616e746974797c613a313a7b693a323b613a323a7b733a333a22717479223b643a313b733a353a227072696365223b643a33313030303b7d7d746f74616c5f70726963657c643a33313030303b),
('f1b59478q33ibfb9kc1nn5gde1h9hc57', '::1', 1612403877, 0x5f5f63695f6c6173745f726567656e65726174657c693a313631323430333836373b7265646972656374696f6e7c4e3b5f5f4143544956455f53455353494f4e5f444154417c733a3235363a22646266636565663462663964373038306361353665376339333861303863316530643964313665633636656266303963616237643630306366306631616266623563663962666432633661653636323034663136343066376532633035363530336436396236393033376561656666323537303965376463643461306663666470434f43545342693248675959493853684d65794d646e2f43693846454b4a39613345616350476a4f593854354a594d6e367152357378516f506d45394d6674395a6e3655706d623951427454716a554b63302b324a532f2b7955776c344b7773664a57414d6c76724f73595932534f6f552f62476b79794b6f6b644f62386c223b),
('n5lric5v6hqhfm0h466u2g75832iurvb', '::1', 1612403961, 0x5f5f63695f6c6173745f726567656e65726174657c693a313631323430333932383b5f5f4143544956455f53455353494f4e5f444154417c733a3235363a2265373562393962653732383536383164353262643861623866333766343932353339643638636564346537666461363536313539353234353733313736656639623335636337613432393331643563636637613737333933346266616561326439656566323163343234356530383233353830653164643439326134616666654a4f653034704332364a356b53556e774b6552694f534e566e7a7236552f37616b4738396e4164363834665a7a6b37756e6c635a7566316b4d73614c39574650783551546e5337494870595a46597a414142382b6b306a676a57314e723147543432326a733962724f75777449337138356c47307741316530515a474949532f223b),
('n8geqblk17r4886of32qja868n135t17', '::1', 1612404295, 0x5f5f63695f6c6173745f726567656e65726174657c693a313631323430343238373b5f5f4143544956455f53455353494f4e5f444154417c733a3235363a2261653262376462613862626266653237383832383165633635306137646362376239616231386464623734396132383964303935636232616532303736316365396561363365373061303638663431393334396232373537373233653538346238346162666264333130386538376332343437333163653065633161373663356537486e755739644456704f722b6e57326c5a575235434872754271537041786433393257327432734d79494e5855324c6c5852795a595931456878327a554675747748794b536c345670367a6345456b676d6467727641384e74622f716877374f5a6e31344139412b4f43634e4b75687576474837426d714d4e5262646b38223b),
('urcps8vo19jg0qa39h1cb603mns2oi3p', '::1', 1612405720, 0x5f5f63695f6c6173745f726567656e65726174657c693a313631323430353731393b),
('726jurn9e1fi77fkn2e36kab6328bjq4', '::1', 1612423472, 0x5f5f63695f6c6173745f726567656e65726174657c693a313631323432333435343b5f5f4143544956455f53455353494f4e5f444154417c733a3235363a22396330383131383334663036383232623661366138613866316537613461656232636163623764366230656436383033663638333862663933383032646364333738663737333631363762643964373132363737336535626138623166343536383932396161323032363839393564373565343334353530646332303762376664426d6e546c685466514d4a666b4d6f652b56492f466b306842466542393765596e473858456e596a72685850757438766a3059317872796e6c4f56532b6977336d716d573578494d4e3459546a7146726a66536776536c6d4d6c494a376b613057616576382b7a2b537a3539316241432f33576e596b4c7378534777617264223b),
('svm94dcfi50n0epdaq7ic5j1ndqqr1mh', '::1', 1612423897, 0x5f5f63695f6c6173745f726567656e65726174657c693a313631323432333832303b5f5f4143544956455f53455353494f4e5f444154417c733a3235363a2236336338643564663032373133643335363536353136303563636631313232653163626433336130336537316631303033613663653130343365356633396433373230316564313837666566376432386262666333653964623766643766393165306235613930396565393665653333366464623431373531633736626331306972544e36357a6a46417448667559724b384d73495752534a4238704c38316a624254634e324e4863746f6652396b672f7a673634364a34385750376e4a35646d2b5052364438336e4d32562b46504d3658514d6e35314a4c5362416457386f6d546e4f7743752b6151706d4b58744f383771654564396f5935347242675743223b),
('4rt0gsnhrg0pn3mmkurf2f8miqcsfqg1', '::1', 1612424642, 0x5f5f63695f6c6173745f726567656e65726174657c693a313631323432343634323b5f5f4143544956455f53455353494f4e5f444154417c733a3235363a223465363731626565623634383836343132393038353962393866663631396564376662623738313039393031343035343138623333333062303964393566343536393936663765306166316464323166326464386536313239656162626334343133376532343736396466363636613830343534356339313765376637323931716e6d314e4b4d4c703046686131612b6379764c71335874516c36644149526e62457563694251636c43444867486c7951725a3261733643534b49344246364e65506e645651416674446a697667677a472b664948676e6c6b774a756e5874374d4169344270576c3339704e572f75376a6e6c33766c782b496b324b364f6178223b),
('as5mq8hngddcr368ksrkoeqh35slt1mj', '::1', 1612424900, 0x5f5f63695f6c6173745f726567656e65726174657c693a313631323432343634323b5f5f4143544956455f53455353494f4e5f444154417c733a3235363a223465363731626565623634383836343132393038353962393866663631396564376662623738313039393031343035343138623333333062303964393566343536393936663765306166316464323166326464386536313239656162626334343133376532343736396466363636613830343534356339313765376637323931716e6d314e4b4d4c703046686131612b6379764c71335874516c36644149526e62457563694251636c43444867486c7951725a3261733643534b49344246364e65506e645651416674446a697667677a472b664948676e6c6b774a756e5874374d4169344270576c3339704e572f75376a6e6c33766c782b496b324b364f6178223b),
('s0cje0k0o0jja8gbpaarj8pr50ulgpdm', '::1', 1612427005, 0x5f5f63695f6c6173745f726567656e65726174657c693a313631323432363935313b636172745f636f6e74656e74737c613a333a7b733a31303a22636172745f746f74616c223b643a3834303030303b733a31313a22746f74616c5f6974656d73223b643a333b733a33323a226337346439376230316561653235376534346161396435626164653937626166223b613a363a7b733a323a226964223b733a323a223136223b733a333a22717479223b643a333b733a353a227072696365223b643a3238303030303b733a343a226e616d65223b733a31343a22486f6f646965204162752d616275223b733a353a22726f776964223b733a33323a226337346439376230316561653235376534346161396435626164653937626166223b733a383a22737562746f74616c223b643a3834303030303b7d7d5f5f4143544956455f53455353494f4e5f444154417c733a3235363a223863343036666134643062383332646438643466623865303463623464303234653036356236396136323732363830376139633032333365626539323965613765646437666664306161386665303633373935643932316236623037326233623638353734383461326334303131653030646530393266353132396666653831544175342b566a6c5165544a747474746b6f6b6b646e6249303732744665396e514868746b7973626b76327161464a473079337442747431497758505372455044614e4c79694e6a643866622f6d6a525a7561496d4f362b637a7151314952365a423645526432694f31433552327065764d696948767654544364304f775850223b6f726465725f7175616e746974797c613a313a7b693a31363b613a323a7b733a333a22717479223b643a333b733a353a227072696365223b643a3238303030303b7d7d746f74616c5f70726963657c643a3834303030303b7265646972656374696f6e7c733a36303a226148523063446f764c327876593246736147397a64433930623274764c326c755a4756344c6e426f6343397a614739774c324e6f5a574e7262335630223b),
('6gm2p41qh95r8vu573h58j3t624l9s2h', '::1', 1612431103, 0x5f5f63695f6c6173745f726567656e65726174657c693a313631323433313036313b636172745f636f6e74656e74737c613a333a7b733a31303a22636172745f746f74616c223b643a363330303030303b733a31313a22746f74616c5f6974656d73223b643a31343b733a33323a223938663133373038323130313934633437353638376265363130366133623834223b613a363a7b733a323a226964223b733a323a223230223b733a333a22717479223b643a31343b733a353a227072696365223b643a3435303030303b733a343a226e616d65223b733a383a22436f6e7665727365223b733a353a22726f776964223b733a33323a223938663133373038323130313934633437353638376265363130366133623834223b733a383a22737562746f74616c223b643a363330303030303b7d7d),
('i1bm4j27lq2dkahvi69rqtdg1sir36uj', '::1', 1612432683, 0x5f5f63695f6c6173745f726567656e65726174657c693a313631323433323637383b),
('mctj0jj72ls3t4cudv77v7lhgh9ue50o', '::1', 1612435120, 0x5f5f63695f6c6173745f726567656e65726174657c693a313631323433353131393b),
('d7pccr3jr2pel91jab6hoqdgn0dquugf', '::1', 1612436265, 0x5f5f63695f6c6173745f726567656e65726174657c693a313631323433363236353b),
('isd2cr9s0is06tt1ebllqlessesmguof', '::1', 1612437839, 0x5f5f63695f6c6173745f726567656e65726174657c693a313631323433373536343b),
('2c2654b182p991f26dc6cq63rfr0n79h', '::1', 1612438694, 0x5f5f63695f6c6173745f726567656e65726174657c693a313631323433383530323b7265646972656374696f6e7c4e3b5f5f4143544956455f53455353494f4e5f444154417c733a3235363a223135363463653731396430613536323637646563626462366362396333346131363065313335343034326538303639333730663537633737383466313730313661393439666137656536396137363937313635646533303531393765663735343035383437653730303230393137326331656132323238366334666437396532636f306f4d44596b4c6b555451584777772b3739666a6a5a4858575655317168444c4e41356e706a4351416a4a6c4e436f4639504c7a486f58503174636d376d6d75656e537532573069354e524d6f665a573374446b417649664f5044327431494133304a7155694a6370396e6f73413168344e4946356b78506753674c6258223b),
('ca6gjhepcsrdncu2l7g9o39ulnldc02s', '::1', 1612438707, 0x5f5f63695f6c6173745f726567656e65726174657c693a313631323433383730313b5f5f4143544956455f53455353494f4e5f444154417c733a3235363a2265653665666664383133396132646435346139646637323238656161333830653061333330366336396339373038353863623434623865303865306333373331626638373033666234643265663161376631623863636264333834386565376339323161656130376439393262626235613531333837613863666531396333306a63566574474b5a6d2b4c74574e637a6c595557744c4c687a327161317741494d7037392b446d71573230414d392f796f365a6c6a4c4c765863703271795a766c312b51624b6b364b4b43304b6b3159373135427256694a72396266557a4d346b3362543568556b72364d4c7830506c6261397750624e7346654e62566a7165223b);

-- --------------------------------------------------------

--
-- Struktur dari tabel `contacts`
--

CREATE TABLE `contacts` (
  `id` int(10) NOT NULL,
  `parent_id` int(10) DEFAULT NULL,
  `name` varchar(32) NOT NULL,
  `subject` varchar(128) DEFAULT NULL,
  `email` varchar(64) NOT NULL,
  `message` mediumtext NOT NULL,
  `contact_date` datetime DEFAULT NULL,
  `status` tinyint(1) DEFAULT 1,
  `reply_at` datetime DEFAULT NULL
) ENGINE=InnoDB DEFAULT CHARSET=utf8mb4;

--
-- Dumping data untuk tabel `contacts`
--

INSERT INTO `contacts` (`id`, `parent_id`, `name`, `subject`, `email`, `message`, `contact_date`, `status`, `reply_at`) VALUES
(1, NULL, 'Agung Tri Saputra', 'Pengiriman kok lama?', 'martinms.za@gmail.com', 'pengiriman pesanan saya kok lama ya', '2020-03-29 07:40:13', 2, NULL);

-- --------------------------------------------------------

--
-- Struktur dari tabel `coupons`
--

CREATE TABLE `coupons` (
  `id` bigint(20) NOT NULL,
  `name` varchar(191) NOT NULL,
  `code` varchar(32) NOT NULL,
  `credit` decimal(8,2) NOT NULL,
  `start_date` date NOT NULL,
  `expired_date` date NOT NULL,
  `is_active` tinyint(4) DEFAULT 1
) ENGINE=InnoDB DEFAULT CHARSET=utf8mb4;

--
-- Dumping data untuk tabel `coupons`
--

INSERT INTO `coupons` (`id`, `name`, `code`, `credit`, `start_date`, `expired_date`, `is_active`) VALUES
(4, 'Outfit', 'OOTD10', '10000.00', '2021-02-03', '2021-06-04', 1);

-- --------------------------------------------------------

--
-- Struktur dari tabel `customers`
--

CREATE TABLE `customers` (
  `id` bigint(20) NOT NULL,
  `user_id` bigint(20) UNSIGNED DEFAULT NULL,
  `name` varchar(191) NOT NULL,
  `phone_number` varchar(32) DEFAULT NULL,
  `address` varchar(191) NOT NULL,
  `profile_picture` varchar(191) DEFAULT NULL
) ENGINE=InnoDB DEFAULT CHARSET=utf8mb4;

--
-- Dumping data untuk tabel `customers`
--

INSERT INTO `customers` (`id`, `user_id`, `name`, `phone_number`, `address`, `profile_picture`) VALUES
(7, 8, 'Reynaldi Fikri Hidayat', '081385214787', 'Jl.Tanah Tinggi IV', NULL),
(8, 9, 'Admin', '12883938849', 'wqdwd', NULL);

-- --------------------------------------------------------

--
-- Struktur dari tabel `orders`
--

CREATE TABLE `orders` (
  `id` bigint(20) NOT NULL,
  `user_id` bigint(20) UNSIGNED DEFAULT NULL,
  `coupon_id` bigint(20) DEFAULT NULL,
  `order_number` varchar(16) NOT NULL,
  `order_status` enum('1','2','3','4','5') DEFAULT '1',
  `order_date` datetime NOT NULL,
  `total_price` decimal(12,2) DEFAULT NULL,
  `total_items` int(10) DEFAULT NULL,
  `payment_method` int(11) DEFAULT 1,
  `delivery_data` text DEFAULT NULL,
  `delivered_date` datetime DEFAULT NULL,
  `finish_date` datetime DEFAULT NULL
) ENGINE=InnoDB DEFAULT CHARSET=utf8mb4;

--
-- Dumping data untuk tabel `orders`
--

INSERT INTO `orders` (`id`, `user_id`, `coupon_id`, `order_number`, `order_status`, `order_date`, `total_price`, `total_items`, `payment_method`, `delivery_data`, `delivered_date`, `finish_date`) VALUES
(19, 9, 4, 'KRE4221194415', '1', '2021-02-04 08:12:21', '1390000.00', 1, 1, '{\"customer\":{\"name\":\"Admin\",\"phone_number\":\"12883938849\",\"address\":\"wqdwd\"},\"note\":\"\"}', NULL, NULL),
(20, 9, 4, 'TNP4221194140', '1', '2021-02-04 08:13:25', '1390000.00', 1, 1, '{\"customer\":{\"name\":\"Admin\",\"phone_number\":\"12883938849\",\"address\":\"wqdwd\"},\"note\":\"\"}', NULL, NULL),
(21, 8, 4, 'YSI4221184395', '2', '2021-02-04 08:14:33', '2790000.00', 1, 1, '{\"customer\":{\"name\":\"Reynaldi Fikri Hidayat\",\"phone_number\":\"081385214787\",\"address\":\"Jl.Tanah Tinggi IV\"},\"note\":\"\"}', NULL, NULL),
(22, 8, NULL, 'PEL422118621', '2', '2021-02-04 08:21:57', '303000.00', 1, 1, '{\"customer\":{\"name\":\"Reynaldi Fikri Hidayat\",\"phone_number\":\"081385214787\",\"address\":\"Jl.Tanah Tinggi IV\"},\"note\":\"\"}', NULL, NULL),
(23, 9, 4, 'WAS4221294598', '4', '2021-02-04 09:08:33', '720000.00', 2, 1, '{\"customer\":{\"name\":\"Admin\",\"phone_number\":\"12883938849\",\"address\":\"wqdwd\"},\"note\":\"\"}', NULL, NULL),
(24, 8, NULL, 'IQV422118024', '1', '2021-02-04 09:17:08', '700000.00', 1, 1, '{\"customer\":{\"name\":\"Reynaldi Fikri Hidayat\",\"phone_number\":\"081385214787\",\"address\":\"Jl.Tanah Tinggi IV\"},\"note\":\"\"}', NULL, NULL);

-- --------------------------------------------------------

--
-- Struktur dari tabel `order_item`
--

CREATE TABLE `order_item` (
  `id` bigint(20) NOT NULL,
  `order_id` bigint(20) DEFAULT NULL,
  `product_id` bigint(20) DEFAULT NULL,
  `order_qty` int(10) NOT NULL,
  `order_price` decimal(12,2) DEFAULT NULL
) ENGINE=InnoDB DEFAULT CHARSET=utf8mb4;

--
-- Dumping data untuk tabel `order_item`
--

INSERT INTO `order_item` (`id`, `order_id`, `product_id`, `order_qty`, `order_price`) VALUES
(21, 20, 17, 1, '1400000.00'),
(22, 21, 17, 2, '1400000.00'),
(23, 22, 16, 1, '300000.00'),
(24, 23, 16, 1, '280000.00'),
(25, 23, 20, 1, '450000.00'),
(26, 24, 18, 1, '700000.00');

-- --------------------------------------------------------

--
-- Struktur dari tabel `payments`
--

CREATE TABLE `payments` (
  `id` bigint(20) NOT NULL,
  `order_id` bigint(20) DEFAULT NULL,
  `payment_price` decimal(12,2) DEFAULT NULL,
  `payment_date` datetime NOT NULL,
  `picture_name` varchar(191) DEFAULT NULL,
  `payment_status` enum('1','2','3') DEFAULT '1',
  `confirmed_date` datetime DEFAULT NULL,
  `payment_data` text DEFAULT NULL
) ENGINE=InnoDB DEFAULT CHARSET=utf8mb4;

--
-- Dumping data untuk tabel `payments`
--

INSERT INTO `payments` (`id`, `order_id`, `payment_price`, `payment_date`, `picture_name`, `payment_status`, `confirmed_date`, `payment_data`) VALUES
(10, 21, '2790000.00', '2021-02-04 08:15:53', 'makanan-dan-minuman-di.jpg', '1', NULL, '{\"transfer_to\":\"mandiri\",\"source\":{\"bank\":\"Bank Mandiri\",\"name\":\"Reynaldi Fikri Hidayat \",\"number\":\"1111-111-11-11\"}}'),
(11, 22, '303000.00', '2021-02-04 09:10:21', 'makanan-dan-minuman-di1.jpg', '2', NULL, '{\"transfer_to\":\"mandiri\",\"source\":{\"bank\":\"Bank Mandiri\",\"name\":\"Reynaldi Fikri Hidayat \",\"number\":\"1111-111-11-11\"}}');

-- --------------------------------------------------------

--
-- Struktur dari tabel `products`
--

CREATE TABLE `products` (
  `id` bigint(20) NOT NULL,
  `category_id` int(10) DEFAULT NULL,
  `sku` varchar(32) DEFAULT NULL,
  `name` varchar(191) NOT NULL,
  `description` varchar(191) DEFAULT NULL,
  `picture_name` varchar(191) DEFAULT NULL,
  `price` decimal(10,2) NOT NULL,
  `current_discount` decimal(8,2) DEFAULT 0.00,
  `stock` int(10) NOT NULL,
  `product_unit` varchar(32) DEFAULT NULL,
  `is_available` tinyint(1) DEFAULT 1,
  `add_date` datetime DEFAULT NULL
) ENGINE=InnoDB DEFAULT CHARSET=utf8mb4;

--
-- Dumping data untuk tabel `products`
--

INSERT INTO `products` (`id`, `category_id`, `sku`, `name`, `description`, `picture_name`, `price`, `current_discount`, `stock`, `product_unit`, `is_available`, `add_date`) VALUES
(16, 15, 'HAH320688', 'Hoodie Abu-abu', NULL, 'hoodie_abu-abu.png', '300000.00', '20000.00', 20, 'Pcs', 1, '2021-02-04 03:28:08'),
(17, 13, 'AJMS15717', 'Air Jordan Max', NULL, 'nike_air_jordan1.png', '1400000.00', '0.00', 5, 'Pcs', 1, '2021-02-04 03:45:17'),
(18, 13, 'VOS715757', 'Vans Oldskool', NULL, 'vans.png', '700000.00', '0.00', 15, 'Pcs', 1, '2021-02-04 03:45:57'),
(19, 17, 'MJP110902', 'Men\'s Jeans', NULL, 'Mens_Jeans_G03_watermarked_2k.png', '1400000.00', '0.00', 10, 'Pcs', 1, '2021-02-04 07:58:22'),
(20, 13, 'CS410997', 'Converse', NULL, 'converse.png', '450000.00', '0.00', 10, 'Pcs', 1, '2021-02-04 07:59:56'),
(21, 15, 'HLOLH312101', 'Hoodie League of Legends', NULL, 'hoodie_lol.png', '350000.00', '0.00', 12, 'Pcs', 1, '2021-02-04 08:01:41'),
(22, 15, 'HYH110363', 'Hoodie Yellow', NULL, 'Yellow_Hoodie_E02_watermarked_2k.png', '120000.00', '0.00', 10, 'Pcs', 1, '2021-02-04 08:06:02'),
(23, 17, 'MBPP130420', 'Men\'s Black Pants', NULL, 'Mens_Black_Cargo_Pants_G03_watermarked_2k.png', '100000.00', '0.00', 30, 'Pcs', 1, '2021-02-04 08:07:00'),
(24, 16, 'BTT130455', 'Blue T-Shirt', NULL, 'T-Shirt_I01_watermarked_2k.png', '110000.00', '0.00', 30, 'Pcs', 1, '2021-02-04 08:07:35'),
(25, 16, 'LSST110555', 'Long Sleeve Shirt', NULL, 'Raglan_Sleeve_T-Shirt_G01_watermarked_2k.png', '125000.00', '0.00', 10, 'Pcs', 1, '2021-02-04 08:09:15'),
(26, 16, 'BST140587', 'Black Shirt', NULL, 'Mens_T-Shirt_H01_watermarked_2k.png', '100000.00', '0.00', 40, 'Pcs', 1, '2021-02-04 08:09:47');

-- --------------------------------------------------------

--
-- Struktur dari tabel `product_category`
--

CREATE TABLE `product_category` (
  `id` int(10) NOT NULL,
  `name` varchar(191) NOT NULL
) ENGINE=InnoDB DEFAULT CHARSET=utf8mb4;

--
-- Dumping data untuk tabel `product_category`
--

INSERT INTO `product_category` (`id`, `name`) VALUES
(13, 'Shoes'),
(15, 'Hoodie'),
(16, 'T-Shirt'),
(17, 'Pants');

-- --------------------------------------------------------

--
-- Struktur dari tabel `reviews`
--

CREATE TABLE `reviews` (
  `id` bigint(20) NOT NULL,
  `user_id` bigint(20) UNSIGNED DEFAULT NULL,
  `order_id` bigint(20) DEFAULT NULL,
  `title` varchar(191) DEFAULT NULL,
  `review_text` mediumtext NOT NULL,
  `review_date` datetime NOT NULL,
  `status` tinyint(1) NOT NULL DEFAULT 1
) ENGINE=InnoDB DEFAULT CHARSET=utf8mb4;

--
-- Dumping data untuk tabel `reviews`
--

INSERT INTO `reviews` (`id`, `user_id`, `order_id`, `title`, `review_text`, `review_date`, `status`) VALUES
(2, 7, 6, 'Sangat puas', 'Pengiriman cepat dan sayur segar', '2020-03-30 08:31:31', 1),
(3, 7, 5, 'Buah segar', 'Buah segar dan kualitasnya sangat bagus', '2020-03-30 08:33:10', 1);

-- --------------------------------------------------------

--
-- Struktur dari tabel `roles`
--

CREATE TABLE `roles` (
  `id` int(10) NOT NULL,
  `role_name` varchar(191) NOT NULL
) ENGINE=InnoDB DEFAULT CHARSET=utf8mb4;

--
-- Dumping data untuk tabel `roles`
--

INSERT INTO `roles` (`id`, `role_name`) VALUES
(1, 'Admin'),
(2, 'Customer');

-- --------------------------------------------------------

--
-- Struktur dari tabel `settings`
--

CREATE TABLE `settings` (
  `id` int(10) NOT NULL,
  `key` varchar(32) NOT NULL,
  `content` varchar(191) NOT NULL
) ENGINE=InnoDB DEFAULT CHARSET=utf8mb4;

--
-- Dumping data untuk tabel `settings`
--

INSERT INTO `settings` (`id`, `key`, `content`) VALUES
(1, 'current_theme_name', 'vegefoods'),
(2, 'store_name', 'Toko Online'),
(3, 'store_phone_number', '082281666584'),
(4, 'store_email', 'tokoonline@gmail.com'),
(5, 'store_tagline', ''),
(6, 'store_logo', ''),
(7, 'max_product_image_size', '20000'),
(8, 'store_description', ''),
(9, 'store_address', 'Jl. Tanah Tinggi IV'),
(10, 'min_shop_to_free_shipping_cost', '500000'),
(11, 'shipping_cost', '3000'),
(12, 'payment_banks', '{\"mandiri\":{\"bank\":\"Mandiri\",\"number\":\"123456688\",\"name\":\"Reynaldi\"},\"bca\":{\"bank\":\"BCA\",\"number\":\"123456688\",\"name\":\"Reynaldi\"}}');

-- --------------------------------------------------------

--
-- Struktur dari tabel `users`
--

CREATE TABLE `users` (
  `id` bigint(20) UNSIGNED NOT NULL,
  `name` varchar(50) COLLATE utf8mb4_unicode_ci DEFAULT NULL,
  `email` varchar(191) COLLATE utf8mb4_unicode_ci NOT NULL,
  `email_verified_at` timestamp NULL DEFAULT NULL,
  `username` varchar(16) COLLATE utf8mb4_unicode_ci NOT NULL,
  `password` varchar(191) COLLATE utf8mb4_unicode_ci NOT NULL,
  `profile_picture` varchar(128) COLLATE utf8mb4_unicode_ci DEFAULT NULL,
  `role_id` int(10) DEFAULT 0,
  `register_date` datetime DEFAULT NULL
) ENGINE=InnoDB DEFAULT CHARSET=utf8mb4 COLLATE=utf8mb4_unicode_ci;

--
-- Dumping data untuk tabel `users`
--

INSERT INTO `users` (`id`, `name`, `email`, `email_verified_at`, `username`, `password`, `profile_picture`, `role_id`, `register_date`) VALUES
(1, 'Mulyo Jr.', 'mulyosyahidin95@gmail.com', NULL, 'mulyojr', '$2y$10$tin9aX4Uz.wlBhZYuD4Fju9q1.O07BwUKxp6yvveTeIrrsa46fqDC', 'agung1.png', 1, NULL),
(8, NULL, 'customer@gmail.com', NULL, 'customer', '$2y$10$vCu6n9eCQCOQ8nbqnXKfOeoD8AvIT/IuotehJZmn1ULXn.ceaeq.G', 'avatar.jpg', 2, '2021-02-02 21:44:57'),
(9, 'Admin', 'admin@gmail.com', NULL, 'admin', '$2y$10$//ToKuCFa9Rvm0H7AKOMsehmE3foQF8VYclh0dDLxj9VnrwEazAB6', 'avatar.png', 1, '2021-02-03 17:03:45');

--
-- Indexes for dumped tables
--

--
-- Indeks untuk tabel `ci_sessions`
--
ALTER TABLE `ci_sessions`
  ADD KEY `ci_sessions_timestamp` (`timestamp`);

--
-- Indeks untuk tabel `contacts`
--
ALTER TABLE `contacts`
  ADD PRIMARY KEY (`id`),
  ADD KEY `FK_contacts_contacts` (`parent_id`);

--
-- Indeks untuk tabel `coupons`
--
ALTER TABLE `coupons`
  ADD PRIMARY KEY (`id`);

--
-- Indeks untuk tabel `customers`
--
ALTER TABLE `customers`
  ADD PRIMARY KEY (`id`),
  ADD KEY `FK_customers_users` (`user_id`);

--
-- Indeks untuk tabel `orders`
--
ALTER TABLE `orders`
  ADD PRIMARY KEY (`id`),
  ADD KEY `FK_orders_users` (`user_id`),
  ADD KEY `FK_orders_coupons` (`coupon_id`);

--
-- Indeks untuk tabel `order_item`
--
ALTER TABLE `order_item`
  ADD PRIMARY KEY (`id`),
  ADD KEY `order_id` (`order_id`),
  ADD KEY `product_id` (`product_id`);

--
-- Indeks untuk tabel `payments`
--
ALTER TABLE `payments`
  ADD PRIMARY KEY (`id`),
  ADD KEY `order_id` (`order_id`);

--
-- Indeks untuk tabel `products`
--
ALTER TABLE `products`
  ADD PRIMARY KEY (`id`),
  ADD KEY `FK_products_product_category` (`category_id`);

--
-- Indeks untuk tabel `product_category`
--
ALTER TABLE `product_category`
  ADD PRIMARY KEY (`id`);

--
-- Indeks untuk tabel `reviews`
--
ALTER TABLE `reviews`
  ADD PRIMARY KEY (`id`),
  ADD KEY `FK_reviews_users` (`user_id`),
  ADD KEY `FK_reviews_orders` (`order_id`);

--
-- Indeks untuk tabel `roles`
--
ALTER TABLE `roles`
  ADD PRIMARY KEY (`id`);

--
-- Indeks untuk tabel `settings`
--
ALTER TABLE `settings`
  ADD PRIMARY KEY (`id`) USING BTREE;

--
-- Indeks untuk tabel `users`
--
ALTER TABLE `users`
  ADD PRIMARY KEY (`id`) USING BTREE,
  ADD UNIQUE KEY `users_email_unique` (`email`) USING BTREE,
  ADD KEY `role_id` (`role_id`);

--
-- AUTO_INCREMENT untuk tabel yang dibuang
--

--
-- AUTO_INCREMENT untuk tabel `contacts`
--
ALTER TABLE `contacts`
  MODIFY `id` int(10) NOT NULL AUTO_INCREMENT, AUTO_INCREMENT=3;

--
-- AUTO_INCREMENT untuk tabel `coupons`
--
ALTER TABLE `coupons`
  MODIFY `id` bigint(20) NOT NULL AUTO_INCREMENT, AUTO_INCREMENT=6;

--
-- AUTO_INCREMENT untuk tabel `customers`
--
ALTER TABLE `customers`
  MODIFY `id` bigint(20) NOT NULL AUTO_INCREMENT, AUTO_INCREMENT=9;

--
-- AUTO_INCREMENT untuk tabel `orders`
--
ALTER TABLE `orders`
  MODIFY `id` bigint(20) NOT NULL AUTO_INCREMENT, AUTO_INCREMENT=25;

--
-- AUTO_INCREMENT untuk tabel `order_item`
--
ALTER TABLE `order_item`
  MODIFY `id` bigint(20) NOT NULL AUTO_INCREMENT, AUTO_INCREMENT=27;

--
-- AUTO_INCREMENT untuk tabel `payments`
--
ALTER TABLE `payments`
  MODIFY `id` bigint(20) NOT NULL AUTO_INCREMENT, AUTO_INCREMENT=12;

--
-- AUTO_INCREMENT untuk tabel `products`
--
ALTER TABLE `products`
  MODIFY `id` bigint(20) NOT NULL AUTO_INCREMENT, AUTO_INCREMENT=27;

--
-- AUTO_INCREMENT untuk tabel `product_category`
--
ALTER TABLE `product_category`
  MODIFY `id` int(10) NOT NULL AUTO_INCREMENT, AUTO_INCREMENT=18;

--
-- AUTO_INCREMENT untuk tabel `reviews`
--
ALTER TABLE `reviews`
  MODIFY `id` bigint(20) NOT NULL AUTO_INCREMENT, AUTO_INCREMENT=4;

--
-- AUTO_INCREMENT untuk tabel `roles`
--
ALTER TABLE `roles`
  MODIFY `id` int(10) NOT NULL AUTO_INCREMENT, AUTO_INCREMENT=3;

--
-- AUTO_INCREMENT untuk tabel `settings`
--
ALTER TABLE `settings`
  MODIFY `id` int(10) NOT NULL AUTO_INCREMENT, AUTO_INCREMENT=13;

--
-- AUTO_INCREMENT untuk tabel `users`
--
ALTER TABLE `users`
  MODIFY `id` bigint(20) UNSIGNED NOT NULL AUTO_INCREMENT, AUTO_INCREMENT=10;

--
-- Ketidakleluasaan untuk tabel pelimpahan (Dumped Tables)
--

--
-- Ketidakleluasaan untuk tabel `contacts`
--
ALTER TABLE `contacts`
  ADD CONSTRAINT `FK_contacts_contacts` FOREIGN KEY (`parent_id`) REFERENCES `contacts` (`id`) ON DELETE CASCADE ON UPDATE NO ACTION;

--
-- Ketidakleluasaan untuk tabel `customers`
--
ALTER TABLE `customers`
  ADD CONSTRAINT `FK_customers_users` FOREIGN KEY (`user_id`) REFERENCES `users` (`id`) ON DELETE NO ACTION ON UPDATE CASCADE;

--
-- Ketidakleluasaan untuk tabel `orders`
--
ALTER TABLE `orders`
  ADD CONSTRAINT `FK_orders_coupons` FOREIGN KEY (`coupon_id`) REFERENCES `coupons` (`id`) ON DELETE SET NULL ON UPDATE CASCADE,
  ADD CONSTRAINT `FK_orders_users` FOREIGN KEY (`user_id`) REFERENCES `users` (`id`) ON DELETE NO ACTION ON UPDATE CASCADE;

--
-- Ketidakleluasaan untuk tabel `payments`
--
ALTER TABLE `payments`
  ADD CONSTRAINT `FK_payments_orders` FOREIGN KEY (`order_id`) REFERENCES `orders` (`id`) ON DELETE NO ACTION ON UPDATE NO ACTION;
COMMIT;

/*!40101 SET CHARACTER_SET_CLIENT=@OLD_CHARACTER_SET_CLIENT */;
/*!40101 SET CHARACTER_SET_RESULTS=@OLD_CHARACTER_SET_RESULTS */;
/*!40101 SET COLLATION_CONNECTION=@OLD_COLLATION_CONNECTION */;
